,City,Lat,Lng,Max Temp,Humidity,Cloudiness,Wind Speed,Country,Date
0,Mokhsogollokh,61.4681,128.9203,28.94,97,100,3.53,RU,1619732188
1,Busselton,-33.65,115.3333,48.99,98,72,9.1,AU,1619732189
2,San Policarpo,12.1791,125.5072,76.48,84,73,2.48,PH,1619732189
3,Ushuaia,-54.8,-68.3,42.8,56,20,3.44,AR,1619731981
4,Rikitea,-23.1203,-134.9692,76.37,68,99,8.75,PF,1619732190
5,Punta Arenas,-53.15,-70.9167,41.0,87,90,8.05,CL,1619732190
6,Hermanus,-34.4187,19.2345,55.99,76,66,3.0,ZA,1619732191
7,Lucapa,-8.4192,20.7447,67.93,94,91,2.42,AO,1619732191
8,Saint-Philippe,-21.3585,55.7679,75.2,78,20,6.91,RE,1619732192
9,Hobart,-42.8794,147.3294,54.0,94,75,6.91,AU,1619732192
10,Atuona,-9.8,-139.0333,79.2,71,3,4.97,PF,1619732193
11,Butaritari,3.0707,172.7902,83.08,76,100,15.28,KI,1619732193
12,Mount Gambier,-37.8333,140.7667,48.2,100,0,9.22,AU,1619732193
13,Padang,-0.9492,100.3543,75.96,90,100,2.73,ID,1619732194
14,Naryan-Mar,67.6713,53.087,22.87,94,69,1.68,RU,1619732194
15,Jamestown,42.097,-79.2353,52.0,93,90,9.22,US,1619732195
16,Upernavik,72.7868,-56.1549,30.6,67,92,3.02,GL,1619732195
17,New Norfolk,-42.7826,147.0587,54.0,92,62,2.15,AU,1619732196
18,Portland,45.5234,-122.6762,77.0,35,1,4.61,US,1619731594
19,Flin Flon,54.7682,-101.865,41.0,28,1,18.41,CA,1619732196
20,São José da Coroa Grande,-8.8978,-35.1478,78.19,84,84,9.28,BR,1619732197
21,Uthal,25.8072,66.6219,82.04,40,61,6.24,PK,1619732197
22,Point Pedro,9.8167,80.2333,81.41,85,13,9.48,LK,1619732198
23,Sept-Îles,50.2001,-66.3821,46.99,61,75,10.36,CA,1619732198
24,Carroll,39.5501,-77.0164,77.0,62,100,1.99,US,1619732198
25,Oussouye,12.485,-16.5469,78.8,83,0,4.61,SN,1619732199
26,Clyde River,70.4692,-68.5914,26.6,100,90,10.36,CA,1619732200
27,Mataura,-46.1927,168.8643,53.01,83,100,8.99,NZ,1619732200
28,Bluff,-46.6,168.3333,53.01,83,80,8.99,NZ,1619732200
29,Hong Kong,22.2855,114.1577,73.99,85,100,4.14,HK,1619732201
30,Port Alfred,-33.5906,26.891,64.18,74,100,12.55,ZA,1619732202
31,San Jose,37.3394,-121.895,82.0,49,75,13.8,US,1619731911
32,Broome,42.2506,-75.833,64.99,100,90,11.5,US,1619732202
33,Bredasdorp,-34.5322,20.0403,53.6,82,93,5.75,ZA,1619732052
34,Vanimo,-2.6741,141.3028,79.2,85,98,3.49,PG,1619732203
35,Ürümqi,43.801,87.6005,69.8,18,0,11.18,CN,1619732203
36,Ribeira Grande,38.5167,-28.7,59.0,72,20,9.22,PT,1619732204
37,Klaksvík,62.2266,-6.589,37.4,60,90,12.66,FO,1619732204
38,Tasiilaq,65.6145,-37.6368,32.0,93,75,4.61,GL,1619732205
39,Peruíbe,-24.32,-46.9983,67.23,85,26,4.59,BR,1619732205
40,Yulara,-25.2406,130.9889,50.0,53,5,4.61,AU,1619732206
41,Khandyga,62.6667,135.6,32.86,99,100,2.26,RU,1619732206
42,Shahrud,36.4182,54.9763,56.19,69,0,5.61,IR,1619732207
43,Port Lincoln,-34.7333,135.8667,63.03,65,24,10.85,AU,1619732207
44,Mahébourg,-20.4081,57.7,77.0,83,75,12.66,MU,1619732208
45,Hilo,19.7297,-155.09,84.2,51,40,9.22,US,1619731942
46,Aden,12.7794,45.0367,79.61,76,33,17.43,YE,1619732022
47,Carnarvon,-24.8667,113.6333,69.8,94,75,6.91,AU,1619732209
48,Yellowknife,62.456,-114.3525,28.0,63,75,11.5,CA,1619732167
49,Tuskegee,32.424,-85.6916,80.01,69,40,6.91,US,1619732209
50,Yar-Sale,66.8333,70.8333,22.24,96,100,7.78,RU,1619732210
51,Sitka,57.0531,-135.33,46.4,93,90,12.66,US,1619732210
52,San Patricio,28.017,-97.5169,84.2,74,90,9.22,US,1619732210
53,Ostrovnoy,68.0531,39.5131,22.69,88,90,11.3,RU,1619732211
54,Pangnirtung,66.1451,-65.7125,30.2,93,90,3.44,CA,1619732211
55,Dunedin,-45.8742,170.5036,55.0,83,100,11.99,NZ,1619732212
56,Torbay,47.6666,-52.7314,45.0,65,75,11.5,CA,1619732212
57,Butembo,0.15,29.2833,57.99,92,100,3.2,CD,1619732213
58,Naze,28.3667,129.4833,64.53,71,0,10.56,JP,1619732213
59,Marawi,7.9986,124.2928,75.0,87,50,7.0,PH,1619732213
60,Lagoa,39.05,-27.9833,56.95,61,100,7.9,PT,1619732214
61,Puerto Ayora,-0.7393,-90.3518,82.4,74,40,17.27,EC,1619732195
62,Tomohon,1.3346,124.8392,75.2,94,20,1.7,ID,1619732215
63,Waipawa,-41.4122,175.5153,59.0,82,7,12.66,NZ,1619732215
64,Puerto Escondido,15.85,-97.0667,86.0,70,75,8.05,MX,1619732215
65,Bambanglipuro,-7.95,110.2833,75.52,84,70,2.35,ID,1619731995
66,Dolisie,-4.1997,12.6739,73.2,97,90,3.02,CG,1619732216
67,Fortuna,40.5982,-124.1573,64.99,77,1,13.8,US,1619732217
68,Kolpashevo,58.3131,82.9089,40.93,82,100,14.83,RU,1619732217
69,Ahipara,-35.1667,173.1667,62.69,66,0,1.97,NZ,1619732217
70,Port Blair,11.6667,92.75,81.0,77,100,4.92,IN,1619732218
71,Benito Juarez,19.385,-99.165,80.6,26,40,4.61,MX,1619732218
72,Vaini,-21.2,-175.2,77.0,94,90,11.5,TO,1619732219
73,Longyearbyen,78.2186,15.6401,21.2,53,40,10.36,SJ,1619732219
74,Arraial do Cabo,-22.9661,-42.0278,71.6,83,75,6.91,BR,1619732220
75,Thompson,55.7435,-97.8558,32.0,40,75,19.57,CA,1619732220
76,Chu,43.5983,73.7614,62.47,46,0,9.93,KZ,1619732220
77,Nikolskoye,59.7035,30.7861,35.6,55,0,2.24,RU,1619732221
78,Avarua,-21.2078,-159.775,84.2,79,20,9.22,CK,1619732221
79,Coquimbo,-29.9533,-71.3436,60.8,72,0,11.5,CL,1619732075
80,Trat,12.5,102.5,77.0,99,100,3.44,TH,1619732222
81,Mineral Wells,32.8085,-98.1128,63.0,94,90,10.36,US,1619732223
82,Surin,14.8818,103.4936,78.01,86,100,3.89,TH,1619732223
83,Bandarbeyla,9.4942,50.8122,83.28,76,40,7.25,SO,1619732224
84,Taoudenni,22.6783,-3.9836,93.81,18,73,24.29,ML,1619732224
85,Rio Grande,-32.035,-52.0986,66.2,68,0,6.91,BR,1619732154
86,Hinundayan,10.3523,125.2506,79.34,83,90,3.04,PH,1619732225
87,Haines Junction,60.7522,-137.5108,46.4,46,99,5.75,CA,1619732225
88,Tiksi,71.6872,128.8694,30.72,82,93,8.57,RU,1619732226
89,Maple Creek,49.9168,-109.4848,69.8,28,89,10.36,CA,1619732226
90,Chui,-33.6971,-53.4616,58.66,74,0,2.8,UY,1619732227
91,Mar del Plata,-38.0023,-57.5575,68.0,73,0,10.36,AR,1619732227
92,Am Timan,11.0297,20.2827,91.22,26,84,4.54,TD,1619732228
93,Castro,-24.7911,-50.0119,54.77,82,9,6.29,BR,1619732228
94,Faanui,-16.4833,-151.75,81.66,72,75,7.11,PF,1619732228
95,Oruzgan,32.8333,66.0,64.67,37,38,4.99,AF,1619732229
96,Mandurah,-32.55,115.7,62.01,62,98,5.99,AU,1619732229
97,Norman Wells,65.282,-126.8329,41.0,38,75,6.91,CA,1619732230
98,Yerbogachën,61.2767,108.0108,24.04,92,62,2.84,RU,1619732230
99,Cherskiy,68.75,161.3,22.44,91,100,7.85,RU,1619732231
100,Dikson,73.5069,80.5464,-1.93,99,95,7.38,RU,1619732231
101,Albany,42.6001,-73.9662,57.0,90,100,3.78,US,1619732169
102,Vao,-22.6667,167.4833,75.04,57,65,19.55,NC,1619732232
103,Baudh,20.8416,84.3213,79.77,56,0,3.15,IN,1619732232
104,Isangel,-19.55,169.2667,77.0,83,75,8.05,VU,1619732233
105,Sangar,63.9242,127.4739,25.79,92,100,3.4,RU,1619732233
106,Kruisfontein,-34.0033,24.7314,57.0,95,100,4.97,ZA,1619732234
107,Tigil',57.8,158.6667,36.5,88,91,3.33,RU,1619732234
108,Qaanaaq,77.484,-69.3632,27.36,71,92,8.37,GL,1619732235
109,Salinas,36.6777,-121.6555,66.99,52,1,16.11,US,1619732235
110,Ponta do Sol,32.6667,-17.1,57.99,68,65,1.01,PT,1619732236
111,Hobyo,5.3505,48.5268,84.76,68,90,8.84,SO,1619732236
112,Hithadhoo,-0.6,73.0833,83.28,73,97,8.79,MV,1619732126
113,Kudahuvadhoo,2.6708,72.8944,83.1,73,13,5.53,MV,1619732237
114,Matagami,49.7502,-77.6328,64.4,22,1,6.91,CA,1619732237
115,Cape Town,-33.9258,18.4232,57.0,76,0,8.05,ZA,1619731955
116,Riyadh,24.6877,46.7219,80.6,24,0,5.75,SA,1619732120
117,Sabang,5.8933,95.3214,82.58,70,91,2.04,ID,1619732239
118,Serenje,-13.2325,30.2352,60.44,95,23,4.07,ZM,1619732052
119,Aykhal,66.0,111.5,22.28,99,100,6.02,RU,1619732239
120,Provideniya,64.3833,-173.3,30.2,64,0,4.47,RU,1619732240
121,Timbiquí,2.7717,-77.6654,78.39,88,82,3.31,CO,1619732240
122,Meulaboh,4.1363,96.1285,76.77,86,95,3.98,ID,1619732132
123,Egvekinot,66.3167,-179.1667,23.27,73,8,1.16,RU,1619732241
124,Acaraú,-2.8856,-40.12,77.61,86,92,10.51,BR,1619732241
125,Chokurdakh,70.6333,147.9167,9.63,94,90,3.47,RU,1619732242
126,Bethel,41.3712,-73.414,66.2,82,90,6.91,US,1619732110
127,Kununurra,-15.7667,128.7333,77.0,61,4,6.91,AU,1619732243
128,Port Elizabeth,-33.918,25.5701,57.2,94,75,14.97,ZA,1619732243
129,Monte Santo,-10.4378,-39.3328,71.53,83,81,6.89,BR,1619732243
130,Sarh,9.1429,18.3923,87.8,51,0,2.89,TD,1619732244
131,Saint-François,46.4154,3.9054,48.2,87,0,3.44,FR,1619732244
132,Shenjiamen,29.9576,122.298,61.56,80,0,1.61,CN,1619732245
133,Mackay,-21.15,149.2,66.2,94,40,8.05,AU,1619731999
134,Olafsvik,64.8945,-23.7142,40.89,76,100,2.91,IS,1619732246
135,Cabedelo,-6.9811,-34.8339,77.0,94,75,7.7,BR,1619732246
136,Esperance,-33.8667,121.9,57.2,94,90,16.11,AU,1619732246
137,Wakimachi,34.0667,134.15,52.0,100,75,10.36,JP,1619732247
138,Mehamn,71.0357,27.8492,30.2,69,75,27.63,NO,1619732247
139,Thinadhoo,0.5333,72.9333,83.32,71,74,5.95,MV,1619732248
140,Nahrin,36.0649,69.1334,68.74,44,41,5.39,AF,1619732248
141,Chifeng,42.2683,118.9636,37.8,26,34,4.81,CN,1619731981
142,Auki,-8.7676,160.7034,81.86,73,42,3.24,SB,1619732249
143,Khatanga,71.9667,102.5,30.15,95,100,7.7,RU,1619732249
144,Prymors'k,46.7348,36.3443,52.75,88,55,10.69,UA,1619732250
145,Ābu Road,24.4833,72.7833,82.96,30,68,1.03,IN,1619732250
146,Suntar,62.1444,117.6319,31.48,84,100,5.03,RU,1619732251
147,Skjervøy,70.0311,20.9714,31.91,55,100,22.3,NO,1619732251
148,Akureyri,65.6835,-18.0878,37.4,87,75,10.36,IS,1619732251
149,Bosobolo,4.1833,19.9,72.66,86,98,2.55,CD,1619732252
150,Touros,-5.1989,-35.4608,78.8,83,20,4.61,BR,1619732252
151,Kiryat Gat,31.61,34.7642,78.01,66,0,4.16,IL,1619732253
152,Mortka,59.3322,66.0214,36.45,84,12,8.57,RU,1619732253
153,Barrow,71.2906,-156.7887,19.4,86,90,9.22,US,1619732254
154,Laguna,38.421,-121.4238,91.0,20,1,5.75,US,1619732254
155,Araouane,18.9048,-3.5265,94.32,15,82,2.46,ML,1619732254
156,Ulladulla,-35.35,150.4667,55.99,100,1,10.36,AU,1619732255
157,Hamilton,39.1834,-84.5333,66.2,82,75,16.11,US,1619732031
158,Narsaq,60.9167,-46.05,42.8,65,13,6.91,GL,1619732256
159,Sulangan,11.1373,123.7228,81.07,75,23,3.98,PH,1619732256
160,Antalaha,-14.9003,50.2788,74.91,86,8,6.82,MG,1619732256
161,Kapaa,22.0752,-159.319,77.0,65,20,13.8,US,1619732257
162,Krasnosel'kup,65.7,82.4667,30.42,93,98,16.15,RU,1619732257
163,Bambous Virieux,-20.3428,57.7575,77.0,83,75,12.66,MU,1619732258
164,Mergen,49.1833,125.2167,44.44,78,100,7.7,CN,1619732258
165,City of San Pedro,14.35,121.0167,82.4,83,75,2.3,PH,1619732259
166,Alugan,12.2188,125.4808,76.19,85,74,2.62,PH,1619732259
167,Dharmavaram,14.4333,77.7167,84.67,44,28,3.0,IN,1619732259
168,Petrodvorets,59.885,29.8958,35.6,55,0,2.24,RU,1619732260
169,Revúca,48.6835,20.1173,48.99,81,20,3.44,SK,1619732260
170,Port Hardy,50.6996,-127.4199,53.6,82,90,16.11,CA,1619732261
171,Eureka,40.8021,-124.1637,62.01,68,100,5.01,US,1619732261
172,Arrondissement de Saint-Quentin,49.8333,3.3333,42.8,75,0,2.3,FR,1619732262
173,Severo-Kuril'sk,50.6789,156.125,37.09,84,40,4.29,RU,1619732244
174,Sarai,53.7458,41.0213,41.41,74,63,7.49,RU,1619732263
175,Chokwé,-24.5333,32.9833,71.35,65,0,5.84,MZ,1619732208
176,Hebi,35.8992,114.1925,56.93,21,84,7.58,CN,1619732263
177,Batagay,67.6333,134.6333,27.03,93,96,1.59,RU,1619732264
178,Ilulissat,69.2167,-51.1,41.0,52,99,2.3,GL,1619732264
179,Dalby,-27.1833,151.2667,64.99,82,99,1.99,AU,1619732265
180,Namatanai,-3.6667,152.4333,81.88,76,69,5.37,PG,1619732265
181,Yaring,6.8662,101.3689,77.31,86,94,3.78,TH,1619732265
182,Grand-Santi,4.25,-54.3833,73.35,97,100,2.86,GF,1619732266
183,Nicolás R Casillas,20.5333,-103.4667,91.0,11,20,17.27,MX,1619732266
184,Mwense,-10.3845,28.698,69.26,88,99,2.1,ZM,1619732053
185,Tomatlán,19.9333,-105.25,88.66,46,4,10.47,MX,1619732267
186,Troitskiy,57.0603,63.7481,38.25,81,14,6.96,RU,1619732267
187,Udachny,66.4167,112.4,19.42,99,94,5.41,RU,1619732268
188,Jiwani,25.05,61.7417,83.16,73,73,8.41,PK,1619732268
189,Shimoda,34.6667,138.95,63.0,70,30,1.99,JP,1619732269
190,Airai,-8.9266,125.4092,59.54,90,81,2.08,TL,1619732269
191,Boa Vista,2.8197,-60.6733,84.2,65,75,3.44,BR,1619732270
192,Oistins,13.0667,-59.5333,77.0,65,20,11.5,BB,1619732270
193,Forsytheganj,52.6333,29.7333,51.13,71,100,13.67,BY,1619732271
194,Fort Nelson,58.8053,-122.7002,48.2,49,75,6.91,CA,1619732271
195,Pisco,-13.7,-76.2167,68.0,83,0,6.91,PE,1619732271
196,Bowmore,34.9421,-79.3031,87.8,35,20,18.41,US,1619732272
197,Nuevo Comalapa,15.65,-92.1333,87.42,49,94,5.12,MX,1619732272
198,Ermelo,-26.5333,29.9833,53.28,52,59,4.29,ZA,1619732273
199,Lebanon,36.2081,-86.2911,70.0,100,75,8.05,US,1619732273
200,Nizhniy Tsasuchey,50.5167,115.1333,29.59,87,65,10.49,RU,1619732274
201,Thabazimbi,-24.5917,27.4116,68.09,34,15,5.06,ZA,1619732274
202,Farafangana,-22.8167,47.8333,72.84,88,30,6.13,MG,1619732275
203,Nizwá,22.9333,57.5333,80.58,32,94,3.24,OM,1619732275
204,Nanortalik,60.1432,-45.2371,38.57,81,11,8.55,GL,1619732276
205,Zeya,53.75,127.2667,35.4,79,90,5.17,RU,1619732276
206,Port Hawkesbury,45.6169,-61.3485,53.6,54,1,13.8,CA,1619732277
207,Lüderitz,-26.6481,15.1594,56.8,75,0,23.29,NA,1619732278
208,Kavaratti,10.5669,72.642,83.95,75,26,6.82,IN,1619732278
209,San Ramon,37.7799,-121.978,86.0,16,1,10.36,US,1619732278
210,Hay River,60.8156,-115.7999,41.0,33,55,9.22,CA,1619732279
211,Sobolevo,54.4299,31.8996,44.28,82,100,10.6,RU,1619732279
212,Paamiut,61.994,-49.6678,36.79,84,3,5.91,GL,1619732280
213,Mopti,14.6667,-4.0,98.6,32,0,4.61,ML,1619732280
214,Lebu,-37.6167,-73.65,57.11,92,98,6.58,CL,1619732281
215,Samoded,63.6083,40.5111,29.79,82,100,6.13,RU,1619732281
216,Ambulu,-8.345,113.6058,74.8,90,58,2.33,ID,1619732282
217,Zhigansk,66.7697,123.3711,30.38,94,100,7.14,RU,1619732282
218,Tonantins,-2.8731,-67.8022,75.52,97,89,1.05,BR,1619732283
219,Hambantota,6.1241,81.1185,78.8,85,99,8.23,LK,1619732283
220,Hofn,64.2539,-15.2082,39.87,78,74,3.96,IS,1619732283
221,Vigrestad,58.5667,5.7,43.0,64,63,8.05,NO,1619732284
222,Póvoa de Varzim,41.3834,-8.7636,54.0,82,20,5.75,PT,1619732284
223,Rawson,-43.3002,-65.1023,65.19,54,98,6.49,AR,1619732285
224,Poum,-20.2333,164.0167,76.17,58,42,13.6,NC,1619732285
225,Omboué,-1.5746,9.2618,79.77,84,100,2.59,GA,1619732286
226,Necochea,-38.5473,-58.7368,68.0,66,24,8.99,AR,1619732286
227,Cabo San Lucas,22.8909,-109.9124,84.99,31,1,11.5,MX,1619732031
228,Chambéry,45.5667,5.9333,51.8,93,90,2.3,FR,1619732287
229,Topeka,39.0483,-95.678,77.0,29,1,13.8,US,1619732288
230,Pevek,69.7008,170.3133,18.73,91,100,7.54,RU,1619732288
231,Bengkulu,-3.8004,102.2655,75.33,91,93,4.45,ID,1619732289
232,Avera,33.194,-82.5271,84.2,48,40,14.97,US,1619732289
233,Denpasar,-8.65,115.2167,78.8,94,20,3.44,ID,1619732130
234,Pooler,32.1155,-81.2471,87.8,48,75,13.8,US,1619732290
235,Comodoro Rivadavia,-45.8667,-67.5,66.2,48,0,8.05,AR,1619732268
236,Gōtsuchō,35.0,132.2167,59.77,62,40,12.39,JP,1619732291
237,Quatre Cocos,-20.2078,57.7625,77.0,83,75,12.66,MU,1619732291
238,Tuktoyaktuk,69.4541,-133.0374,24.8,68,20,13.8,CA,1619732292
239,Lobatse,-25.2167,25.6667,57.2,100,77,13.8,BW,1619732292
240,Tautira,-17.7333,-149.15,86.0,66,20,4.61,PF,1619732292
241,Talnakh,69.4865,88.3972,27.28,95,97,4.85,RU,1619732293
242,Casas Grandes,30.3667,-107.95,60.37,34,95,17.4,MX,1619732293
243,Singapore,1.2897,103.8501,80.6,89,75,2.3,SG,1619732294
244,Vestmannaeyjar,63.4427,-20.2734,43.88,79,98,9.19,IS,1619732294
245,Faya,18.3851,42.4509,60.8,72,40,5.64,SA,1619732295
246,Fukuechō,32.6881,128.8419,63.82,75,49,28.95,JP,1619732295
247,Tacuarembó,-31.7333,-55.9833,58.87,51,0,2.59,UY,1619732296
248,Codrington,-38.2667,141.9667,53.11,73,0,7.4,AU,1619732296
249,Saskylakh,71.9167,114.0833,27.77,91,100,9.31,RU,1619732245
250,Visby,57.6409,18.296,41.0,75,100,13.8,SE,1619732297
251,Kahului,20.8947,-156.47,75.2,94,40,13.8,US,1619732297
252,Basco,20.4487,121.9702,78.35,74,75,3.85,PH,1619732298
253,Caravelas,-17.7125,-39.2481,76.32,71,58,11.18,BR,1619732298
254,Valparaíso,-33.0393,-71.6273,59.0,88,90,5.75,CL,1619732299
255,Jacareacanga,-6.2222,-57.7528,74.37,97,30,2.39,BR,1619732112
256,Baiyin,36.5583,104.2081,46.4,53,0,6.71,CN,1619732299
257,Médéa,36.2642,2.7539,60.8,77,0,2.3,DZ,1619732300
258,Wau,7.7029,27.9953,75.87,82,100,3.09,SS,1619732300
259,Morón,-34.6534,-58.6198,69.01,64,0,4.52,AR,1619732301
260,Sokodé,8.9833,1.1333,84.2,74,0,3.58,TG,1619732301
261,Tura,25.5198,90.2201,77.61,39,5,2.15,IN,1619732301
262,Los Llanos de Aridane,28.6585,-17.9182,66.2,68,0,1.14,ES,1619732180
263,Souillac,-20.5167,57.5167,77.0,83,75,12.66,MU,1619732302
264,Geraldton,-28.7667,114.6,68.0,73,75,13.8,AU,1619732303
265,Charters Towers,-20.1,146.2667,67.03,78,70,8.34,AU,1619732303
266,Atar,20.5169,-13.0499,83.05,33,100,8.61,MR,1619732303
267,Marquetalia,5.2966,-75.055,63.07,97,98,0.89,CO,1619732304
268,Nishihara,26.1842,127.7558,60.8,94,20,2.3,JP,1619732304
269,Chernushka,56.5072,56.0766,36.55,93,85,7.74,RU,1619732305
270,Saint Anthony,45.0205,-93.218,66.99,26,1,16.11,US,1619732305
271,Baghdad,33.3406,44.4009,77.0,33,0,3.44,IQ,1619732123
272,Muros,42.7762,-9.0603,52.0,72,3,12.71,ES,1619732306
273,Mitsamiouli,-11.3847,43.2844,80.96,77,17,6.31,KM,1619732307
274,Chaohu,31.6,117.8667,66.0,67,0,4.47,CN,1619732307
275,Ulaangom,49.9811,92.0667,49.12,46,61,4.76,MN,1619732308
276,Richards Bay,-28.783,32.0377,72.18,85,84,12.1,ZA,1619732308
277,Chengzhong,30.95,113.55,62.6,100,0,4.47,CN,1619732309
278,Constitución,-35.3333,-72.4167,57.27,83,89,1.57,CL,1619732156
279,Te Anau,-45.4167,167.7167,52.52,93,100,4.05,NZ,1619732309
280,Cabra,37.4725,-4.4421,55.99,70,38,4.47,ES,1619732310
281,Aksu,41.1231,80.2644,65.64,15,0,2.28,CN,1619732310
282,Dekar,-21.5333,21.9333,69.84,49,62,7.74,BW,1619732310
283,Ocampo,21.65,-101.5,89.01,50,22,16.67,MX,1619732311
284,Anadyr,64.75,177.4833,19.4,73,0,6.71,RU,1619732311
285,Sidi Ali,36.0998,0.4206,59.7,70,54,3.78,DZ,1619732312
286,Rocha,-34.4833,-54.3333,57.63,83,0,1.77,UY,1619732312
287,Laas,46.6166,10.7002,55.4,100,90,5.75,IT,1619732313
288,Bariloche,-41.1456,-71.3082,62.6,34,0,6.91,AR,1619732313
289,Alekseyevsk,57.8406,108.3492,25.14,94,24,2.59,RU,1619732313
290,La Ronge,55.1001,-105.2842,42.8,28,21,8.05,CA,1619732314
291,Karratha,-20.7377,116.8463,78.44,32,0,7.02,AU,1619732314
292,Cayenne,4.9333,-52.3333,81.0,83,0,2.3,GF,1619732303
293,Bismil,37.8486,40.6658,66.2,45,0,5.75,TR,1619732315
294,Kumul,42.8,93.45,66.25,19,27,8.28,CN,1619732315
295,Okato,-39.2,173.8833,55.99,96,65,5.99,NZ,1619732316
296,Sinnamary,5.3833,-52.95,76.01,91,100,14.12,GF,1619732316
297,São João da Barra,-21.6403,-41.0511,71.6,83,75,6.91,BR,1619732317
298,Ushtobe,45.2514,77.9838,68.79,25,3,9.31,KZ,1619732317
299,Deputatsky,69.3,139.9,18.18,98,84,3.42,RU,1619732318
300,Cortez,37.3489,-108.5859,75.2,11,1,19.57,US,1619732318
301,Andros Town,24.7,-77.7667,84.2,58,40,13.8,BS,1619732318
302,Saint-Pierre,-21.3393,55.4781,75.2,78,20,6.91,RE,1619732319
303,Turukhansk,65.8167,87.9833,33.03,91,94,11.1,RU,1619732320
304,Sokoni,-6.4333,39.55,75.2,94,90,5.75,TZ,1619732320
305,Chimoio,-19.1164,33.4833,68.0,100,20,5.75,MZ,1619732320
306,Severodvinsk,64.5635,39.8302,30.2,80,40,2.24,RU,1619732321
307,Mwinilunga,-11.7358,24.4293,64.58,92,96,2.51,ZM,1619732321
308,Nome,64.5011,-165.4064,28.0,68,40,20.71,US,1619732322
309,Havelock,34.8791,-76.9013,77.0,57,1,24.16,US,1619732259
310,Kaeo,-35.1,173.7833,63.0,80,0,4.0,NZ,1619732322
311,Hasaki,35.7333,140.8333,59.0,72,40,6.91,JP,1619732323
312,Shahreza,32.0339,51.8794,63.41,41,64,2.8,IR,1619732323
313,Ketchikan,55.3422,-131.6461,48.2,93,90,25.32,US,1619732324
314,Flinders,-34.5833,150.8552,55.0,96,0,2.73,AU,1619732324
315,Lokoja,7.8024,6.743,83.37,57,77,5.82,NG,1619732325
316,Alice Springs,-23.7,133.8833,42.8,65,3,5.75,AU,1619732265
317,Lerwick,60.1545,-1.1494,39.2,81,75,12.66,GB,1619732325
318,Ştefăneşti,44.8667,24.9333,47.61,90,22,3.49,RO,1619732326
319,Saldanha,-33.0117,17.9442,57.2,72,0,12.66,ZA,1619732326
320,Malindi,-3.2175,40.1191,80.6,89,40,11.5,KE,1619732327
321,Jalu,29.0331,21.5482,83.68,10,38,8.59,LY,1619732327
322,Huilong,31.8111,121.655,66.0,81,0,5.14,CN,1619732328
323,Bezhanitsy,56.9767,29.8907,40.86,87,100,6.89,RU,1619732328
324,Arman',59.7,150.1667,34.18,74,66,3.56,RU,1619732328
325,Kavieng,-2.5744,150.7967,83.48,72,44,7.34,PG,1619732329
326,Husavik,66.0449,-17.3389,37.4,87,75,10.36,IS,1619732329
327,Sørland,67.667,12.6934,38.01,66,100,23.17,NO,1619732330
328,Cananea,30.95,-110.3,69.01,35,6,7.0,MX,1619732330
329,Luanda,-8.8368,13.2343,80.6,78,75,10.36,AO,1619732251
330,Bonavista,48.6499,-53.1147,50.0,53,82,1.14,CA,1619732331
331,George Town,5.4112,100.3354,79.0,94,20,3.44,MY,1619732331
332,Weligama,5.9667,80.4167,78.06,87,91,6.38,LK,1619732332
333,Half Moon Bay,37.4636,-122.4286,75.0,82,20,12.66,US,1619732332
334,Batemans Bay,-35.7167,150.1833,54.0,97,0,3.0,AU,1619732333
335,Hualmay,-11.0964,-77.6139,69.91,76,3,12.06,PE,1619732333
336,Arrondissement d'Ajaccio,42.0,8.9167,57.2,82,0,4.61,FR,1619732334
337,Yangi Marg`ilon,40.4272,71.7189,68.0,67,0,4.61,UZ,1619732334
338,Natchez,31.5604,-91.4032,86.0,58,1,5.75,US,1619732167
339,Haverfordwest,51.8017,-4.9691,46.0,81,21,1.99,GB,1619732335
340,Berlevåg,70.8578,29.0864,28.4,86,75,29.93,NO,1619732335
341,Edd,13.9297,41.6925,84.52,72,61,9.31,ER,1619732336
342,Iqaluit,63.7506,-68.5145,33.8,93,90,11.5,CA,1619732336
343,Mossamedes,-15.1961,12.1522,75.43,69,76,4.74,AO,1619732336
344,Seoul,37.5683,126.9778,48.2,93,90,5.75,KR,1619732337
345,Cidreira,-30.1811,-50.2056,65.28,73,0,5.59,BR,1619732337
346,Salalah,17.0151,54.0924,84.2,79,75,5.75,OM,1619732338
347,Pindiga,9.9833,10.9333,85.91,40,8,11.14,NG,1619732338
348,Pacific Grove,36.6177,-121.9166,62.6,63,1,12.66,US,1619732339
349,Inverness,57.4791,-4.224,43.0,70,75,8.05,GB,1619732122
350,Boca do Acre,-8.7522,-67.3978,78.17,74,100,3.11,BR,1619732339
351,Zavetnoye,47.1194,43.8903,52.21,79,98,9.84,RU,1619732340
352,Sur,22.5667,59.5289,86.31,38,92,5.59,OM,1619732340
353,Mount Isa,-20.7333,139.5,62.6,59,0,5.75,AU,1619732341
354,Palmer,42.1584,-72.3287,59.0,100,90,3.44,US,1619732341
355,Mogadishu,2.0371,45.3438,82.69,77,84,11.18,SO,1619732342
356,Lompoc,34.6391,-120.4579,73.99,63,6,19.57,US,1619732342
357,Semme,46.1963,1.5007,50.0,57,100,1.14,FR,1619732343
358,Kolondiéba,11.0882,-6.8926,90.59,35,94,3.06,ML,1619732343
359,Barabai,-2.5833,115.3833,73.74,91,90,2.01,ID,1619732343
360,Zwedru,6.0667,-8.1281,75.15,94,87,3.31,LR,1619732344
361,Kenai,60.5544,-151.2583,42.8,100,90,19.57,US,1619732118
362,Örnsköldsvik,63.2909,18.7153,30.2,69,35,4.61,SE,1619732344
363,Beian,63.6559,9.5683,37.4,70,20,3.44,NO,1619732345
364,Yong’an,39.6957,113.6871,42.84,37,99,5.14,CN,1619732346
365,Kloulklubed,7.0419,134.2556,77.0,88,75,9.13,PW,1619732346
366,Quang Ngai,15.1167,108.8,71.73,90,16,4.23,VN,1619732347
367,Ubinskoye,55.3068,79.6802,40.06,88,2,8.86,RU,1619732347
368,Moyobamba,-6.05,-76.9667,72.82,83,41,2.68,PE,1619732348
369,Fairbanks,64.8378,-147.7164,48.2,49,90,4.61,US,1619732348
370,Humboldt,40.6665,-123.9178,64.0,77,1,13.8,US,1619732348
371,Teahupoo,-17.8333,-149.2667,86.0,66,20,4.61,PF,1619732349
372,Kuala Terengganu,5.3302,103.1408,77.0,100,20,3.44,MY,1619732349
373,Zambezi,-13.5432,23.1047,66.97,76,53,1.66,ZM,1619732350
374,Nioro,13.35,-15.75,85.17,29,42,13.13,GM,1619732350
375,Impfondo,1.6381,18.0667,73.65,90,96,2.8,CG,1619732351
376,Vostok,46.4856,135.8833,42.98,40,72,2.71,RU,1619732351
377,Tuatapere,-46.1333,167.6833,53.01,83,93,8.99,NZ,1619732352
378,El Salvador,13.8333,-88.9167,86.0,65,40,9.01,SV,1619732352
379,Mabaruma,8.2,-59.7833,73.4,100,90,16.11,GY,1619732352
380,Altamira,-3.2033,-52.2064,84.2,79,0,3.44,BR,1619732353
381,Nhulunbuy,-12.2333,136.7667,71.6,94,99,9.13,AU,1619732354
382,Shaunavon,49.6501,-108.4181,64.4,29,78,13.8,CA,1619732354
383,Dudinka,69.4058,86.1778,28.24,98,100,4.03,RU,1619732354
384,Lichtenburg,-26.152,26.1597,56.55,83,100,10.74,ZA,1619732355
385,San Andrés,12.5847,-81.7006,86.0,62,20,9.22,CO,1619732355
386,Qasigiannguit,68.8193,-51.1922,41.0,52,100,2.3,GL,1619732356
387,Progreso,21.2833,-89.6667,100.99,26,90,16.11,MX,1619732356
388,Nemuro,43.3236,145.575,39.16,98,100,26.53,JP,1619732357
389,Saint George,37.1041,-113.5841,84.99,12,1,8.05,US,1619732357
390,Brae,60.3964,-1.353,39.2,81,75,12.66,GB,1619732357
391,Tefé,-3.3542,-64.7114,78.8,89,40,2.3,BR,1619732358
392,Waihi Beach,-37.4,175.9333,62.01,81,11,8.01,NZ,1619732358
393,Romny,50.751,33.4747,44.87,73,82,7.45,UA,1619732359
394,Kedrovoye,57.1576,60.5698,37.4,87,40,8.95,RU,1619732359
395,Buchanan,5.8808,-10.0467,78.8,94,20,5.97,LR,1619732360
396,Smithers,54.7804,-127.1743,60.8,55,75,13.8,CA,1619732360
397,Belaya Gora,68.5333,146.4167,28.26,84,96,2.44,RU,1619732360
398,Biritiba-Mirim,-23.5698,-46.0407,68.0,68,20,12.66,BR,1619732361
399,Gilgit,35.9221,74.3087,60.08,48,2,3.27,PK,1619732361
400,Marystown,47.1666,-55.1483,40.14,80,47,8.88,CA,1619732362
401,Yantal',56.8471,105.2542,23.4,95,35,1.77,RU,1619732362
402,Isla Mujeres,21.2311,-86.731,86.0,62,75,9.22,MX,1619732363
403,Yelniki,54.6207,43.876,38.5,87,41,5.73,RU,1619732363
404,Dingle,10.9995,122.6711,73.92,74,36,4.05,PH,1619732363
405,Gamba,-2.65,10.0,78.31,89,99,3.36,GA,1619732364
406,Severobaykal'sk,55.65,109.3167,21.25,76,18,4.99,RU,1619732364
407,Bathsheba,13.2167,-59.5167,77.0,65,20,11.5,BB,1619732365
408,Ballina,-28.8667,153.5667,59.0,94,40,5.75,AU,1619732365
409,Tonj,7.2737,28.6822,74.16,80,100,3.44,SS,1619732366
410,Khani,41.9563,42.9566,55.4,82,0,4.61,GE,1619732366
411,Khasan,42.4308,130.6434,43.88,69,100,6.35,RU,1619732367
412,Esfarāyen,37.0765,57.5101,57.2,88,75,4.52,IR,1619732367
413,Terney,45.0503,136.6092,43.05,69,100,6.82,RU,1619732368
414,Saint Paul Harbor,57.79,-152.4072,42.8,75,90,4.61,US,1619732368
415,Itarema,-2.9248,-39.9167,78.01,83,89,9.44,BR,1619732368
416,Kuchinarai,16.541,104.05,73.44,85,100,3.71,TH,1619732369
417,Tateyama,34.9833,139.8667,63.0,77,57,1.01,JP,1619732369
418,Lázaro Cárdenas,17.9583,-102.2,82.89,65,90,12.3,MX,1619732370
419,Victor Harbor,-35.5667,138.6167,63.0,61,0,7.14,AU,1619732370
420,Gbadolite,4.2833,21.0167,70.93,95,100,2.35,CD,1619732371
421,Dakar,14.6937,-17.4441,69.8,88,0,16.11,SN,1619732371
422,Santiago del Estero,-27.7951,-64.2615,69.62,44,0,7.85,AR,1619732193
423,Plátanos,37.6667,21.6167,61.0,94,20,4.97,GR,1619732372
424,Pāsighāt,28.0667,95.3333,75.4,43,94,4.0,IN,1619732372
425,Santa Cruz de la Sierra,-17.8,-63.1667,78.8,38,20,14.97,BO,1619732121
426,Ojinaga,29.5667,-104.4167,78.8,12,1,4.61,MX,1619732373
427,Vrangel',42.7297,133.0839,44.53,53,100,6.91,RU,1619732374
428,Zhaotong,27.3167,103.7167,53.89,64,13,3.76,CN,1619732374
429,Tromsø,69.6496,18.957,28.4,80,75,11.5,NO,1619732375
430,Vadsø,70.0744,29.7487,30.2,80,75,9.22,NO,1619732375
431,Synevyr,48.4875,23.6258,49.64,97,94,3.67,UA,1619732375
432,Mayor Pablo Lagerenza,-19.9309,-60.7718,69.31,42,0,5.41,PY,1619732376
433,Uribia,11.7139,-72.266,84.09,59,100,7.02,CO,1619732376
434,Chegdomyn,51.1167,133.0167,39.16,78,15,0.69,RU,1619732377
435,Vila Velha,-20.3297,-40.2925,73.4,83,90,16.11,BR,1619732377
436,Sosnovo-Ozerskoye,52.5249,111.5418,28.51,89,100,8.14,RU,1619732378
437,Tezu,27.9167,96.1667,77.11,36,100,4.21,IN,1619732378
438,Newport,51.5877,-2.9984,43.0,81,40,5.75,GB,1619732378
439,Kurchum,48.5722,83.6542,60.73,42,34,7.14,KZ,1619732379
440,Whakatane,-37.9585,176.9854,52.0,84,4,5.01,NZ,1619732379
441,East London,-33.0153,27.9116,64.18,83,100,11.68,ZA,1619732380
442,Bonham,33.5773,-96.1783,66.2,94,90,10.36,US,1619732380
443,Adrar,20.5022,-10.0711,84.22,27,55,16.13,MR,1619732381
444,Cascais,38.6979,-9.4215,57.0,67,20,8.05,PT,1619732381
445,Hīt,33.6416,42.8251,81.95,19,5,11.65,IQ,1619732382
446,Kamenka,51.3223,42.7678,42.01,64,19,7.34,RU,1619732382
447,Vryheid,-27.7695,30.7917,59.95,61,75,3.15,ZA,1619732382
448,Chumikan,54.7183,135.315,26.78,86,100,2.77,RU,1619732235
449,Kaitangata,-46.2817,169.8464,55.0,70,100,11.99,NZ,1619732383
450,Zilair,52.2332,57.4392,36.43,78,30,2.35,RU,1619732384
451,Katsuura,35.1333,140.3,63.0,77,68,1.01,JP,1619732384
452,Clarence Town,-32.5833,151.7833,61.0,100,20,3.44,AU,1619732385
453,Basoko,1.2391,23.616,72.77,96,92,4.43,CD,1619732385
454,Manavālakurichi,8.1333,77.3,84.2,94,75,2.3,IN,1619732385
455,Cap Malheureux,-19.9842,57.6142,73.99,90,22,5.99,MU,1619732386
456,Potsdam,52.3989,13.0657,48.99,76,5,1.01,DE,1619732327
457,Sakakah,29.9697,40.2064,75.2,14,0,3.44,SA,1619732387
458,Guarenas,10.4674,-66.6066,77.0,88,90,2.3,VE,1619732387
459,Tambacounda,13.7539,-13.7586,98.6,13,0,4.61,SN,1619732387
460,Santander,43.4647,-3.8044,53.01,82,90,2.3,ES,1619732231
461,Sioux Lookout,50.1001,-91.917,42.8,52,75,10.36,CA,1619732143
462,Muskogee,35.5834,-95.3336,73.4,56,1,18.41,US,1619732388
463,Muskegon,43.3,-86.1334,60.8,58,40,17.27,US,1619732389
464,Ouésso,1.6136,16.0517,72.36,96,49,1.72,CG,1619732389
465,Tilichiki,60.4667,166.1,31.78,99,100,0.72,RU,1619732390
466,Stephenville,32.2207,-98.2023,63.0,94,90,13.8,US,1619732251
467,Tabuk,17.4189,121.4443,72.93,87,77,0.94,PH,1619732390
468,Kathmandu,27.7167,85.3167,57.2,94,20,3.76,NP,1619732391
469,Iracoubo,5.4802,-53.2011,75.96,91,100,15.32,GF,1619732391
470,Revelstoke,50.9832,-118.2023,51.8,82,90,2.3,CA,1619732392
471,Malakal,9.5334,31.6605,78.37,68,100,3.04,SS,1619732392
472,Mahibadhoo,3.7833,72.9667,83.07,71,11,5.84,MV,1619732392
473,Webuye,0.6075,34.7697,60.8,82,75,5.75,KE,1619732164
474,Gondanglegi,-7.7479,112.0132,73.36,92,21,6.58,ID,1619732393
475,Blackwater,-23.5833,148.8833,66.79,71,74,10.22,AU,1619732394
476,Jintūr,19.6167,76.7,88.0,23,73,6.78,IN,1619732394
477,Oga,46.4631,10.347,53.01,100,75,2.3,IT,1619732290
478,Alvarães,-3.2208,-64.8042,78.8,89,40,2.3,BR,1619732395
479,Boende,-0.2167,20.8667,71.64,98,98,2.66,CD,1619732395
480,Stabat,3.761,98.4513,75.2,94,40,2.3,ID,1619732396
481,Varhaug,58.6147,5.6457,43.0,64,61,7.65,NO,1619732396
482,Pontianak,-0.0333,109.3333,77.0,100,40,3.44,ID,1619732397
483,Kushiro,42.975,144.3747,41.59,95,100,28.12,JP,1619732284
484,Derzhavīnsk,51.1,66.3167,45.07,58,48,8.37,KZ,1619732397
485,Smirnykh,49.75,142.8333,34.32,93,79,0.31,RU,1619732398
486,Xining,36.6167,101.7667,46.6,32,8,2.75,CN,1619732398
487,Río Gallegos,-51.6226,-69.2181,42.8,93,75,9.22,AR,1619732162
488,Nouakchott,18.0858,-15.9785,68.0,83,5,18.41,MR,1619732399
489,Mumford,5.2618,-0.759,81.84,79,96,6.93,GH,1619732400
490,Solnechnyy,50.7214,136.6319,33.58,79,98,8.93,RU,1619732400
491,Sabaudia,41.3003,13.0282,60.01,93,13,5.95,IT,1619732401
492,Kerman,30.2832,57.0788,68.47,33,100,4.99,IR,1619732401
493,Winona,43.9666,-91.7668,68.0,30,1,19.57,US,1619732402
494,Morayfield,-27.1167,152.95,64.99,98,45,5.55,AU,1619732402
495,Peniche,39.3558,-9.3811,55.0,77,100,10.2,PT,1619732403
496,Dawson Creek,55.7666,-120.2362,64.4,42,40,24.16,CA,1619732404
497,Bayan,46.0833,127.4,45.01,64,99,2.91,CN,1619732404
498,Taywarah,33.35,64.4167,48.88,54,65,5.26,AF,1619732405
499,Reshetylivka,49.565,34.0782,47.91,83,34,7.18,UA,1619732405
500,Porto-Novo,6.4965,2.6036,82.4,83,40,4.61,BJ,1619732406
501,San Juan,-31.5375,-68.5364,75.63,24,0,4.7,AR,1619732158
502,Aklavik,68.2191,-135.0107,37.4,44,73,5.75,CA,1619732407
503,Pokhara,28.2333,83.9833,72.18,22,43,7.38,NP,1619732407
504,Lakhdenpokh'ya,61.5198,30.1992,33.01,81,18,5.17,RU,1619732407
505,Masunga,-20.6246,27.4488,63.68,73,28,3.58,BW,1619732408
506,Khandagayty,50.7333,92.05,48.2,41,87,3.04,RU,1619732408
507,Gold Coast,-28.0,153.4333,64.99,88,75,6.91,AU,1619732409
508,Katangli,51.7102,143.2326,31.46,87,95,8.84,RU,1619732332
509,Verkhnevilyuysk,63.4453,120.3167,27.82,88,100,2.75,RU,1619732410
510,Tessalit,20.1986,1.0114,93.65,8,58,6.33,ML,1619732410
511,Goderich,43.7501,-81.7165,41.0,100,100,8.05,CA,1619732410
512,Manokwari,-0.8667,134.0833,78.73,77,100,3.98,ID,1619732411
513,Sleaford,52.9983,-0.4094,41.0,75,75,5.75,GB,1619732411
514,Funadhoo,6.15,73.2667,83.32,73,85,6.31,MV,1619732412
515,Zarubino,42.63,131.0922,43.36,65,100,9.6,RU,1619732412
516,Abu Dhabi,24.4667,54.3667,86.0,45,0,3.44,AE,1619732413
517,Bud,39.447,-86.1758,60.01,83,100,16.06,US,1619732413
518,Cockburn Town,21.4612,-71.1419,82.4,61,40,16.11,TC,1619732352
519,Front Royal,38.9182,-78.1944,80.01,50,90,4.61,US,1619732414
520,Mainit,9.535,125.5231,77.79,85,54,3.38,PH,1619732414
521,Bone,51.9669,12.1396,48.0,73,11,5.01,DE,1619732415
522,San Quintín,30.4833,-115.95,70.56,53,0,12.48,MX,1619732415
523,Carutapera,-1.195,-46.02,76.59,91,99,3.94,BR,1619732416
524,Port Macquarie,-31.4333,152.9167,55.99,95,9,4.0,AU,1619732416
525,Strugari,46.5333,26.7167,50.0,93,0,11.5,RO,1619732417
526,Nuuk,64.1835,-51.7216,28.4,100,90,4.61,GL,1619732418
527,Coyhaique,-45.5752,-72.0662,62.6,55,40,5.75,CL,1619732320
528,Attur,11.6,78.6167,81.39,80,62,4.09,IN,1619732418
529,Daokou,35.5639,114.5058,55.8,24,75,7.85,CN,1619732419
530,Nūzvīd,16.7833,80.85,78.39,68,0,2.64,IN,1619732419
531,Mandalgovi,45.7625,106.2708,31.42,73,6,22.08,MN,1619732419
532,Corner Brook,48.9667,-57.9484,48.2,61,90,5.75,CA,1619732420
533,Itoman,26.1247,127.6694,60.8,94,20,2.3,JP,1619732420
534,Port Hedland,-20.3167,118.5667,69.8,64,0,5.75,AU,1619732421
535,Copiapó,-27.3667,-70.3333,66.2,48,0,16.11,CL,1619732421
536,Maumere,-8.6199,122.2111,77.32,80,80,2.8,ID,1619732422
537,Vardø,70.3705,31.1107,28.4,74,75,12.66,NO,1619732423
538,Plettenberg Bay,-34.0527,23.3716,57.33,79,85,5.19,ZA,1619732423
539,Vitim,59.4511,112.5578,24.46,92,100,1.19,RU,1619732424
540,Jämsä,61.8642,25.19,28.4,100,0,3.44,FI,1619732424
541,Nsoko,-27.0333,31.95,65.97,93,9,4.76,SZ,1619732425
542,Ismailia,30.6043,32.2723,68.77,55,0,7.05,EG,1619732425
543,Vila Franca do Campo,37.7167,-25.4333,57.2,67,40,8.05,PT,1619732373
544,Patrocínio,-18.9439,-46.9925,73.4,49,0,4.61,BR,1619732426
545,Onega,63.9061,38.1404,31.86,75,92,9.33,RU,1619732426
546,Paddhari,22.4333,70.6,81.05,68,18,11.18,IN,1619732427
547,Sultepec,18.8667,-99.95,82.4,21,40,16.11,MX,1619732428
548,Nikel,69.4128,30.222,26.6,80,40,18.41,RU,1619732428
549,Dhārchula,29.85,80.5333,61.25,52,15,8.68,IN,1619732428
550,Sterling,39.0062,-77.4286,82.0,54,90,11.5,US,1619732429
551,Vandœuvre-lès-Nancy,48.65,6.1833,44.6,65,0,2.3,FR,1619732429
552,Broken Hill,-31.95,141.4333,53.6,47,0,10.36,AU,1619732430
553,Maragogi,-9.0122,-35.2225,77.76,85,84,8.43,BR,1619732430
554,San Luis,-33.295,-66.3356,63.28,47,0,6.91,AR,1619732431
555,Nara,34.6851,135.8049,57.99,100,40,1.14,JP,1619732431
556,Camopi,3.1655,-52.3158,71.83,98,99,3.53,GF,1619732432
557,Aleksandro-Nevskiy,53.4751,40.2095,44.01,47,90,8.14,RU,1619732432
558,Najrān,17.4924,44.1277,73.4,64,75,2.3,SA,1619732180
559,Örebro,59.2741,15.2066,37.4,81,75,8.05,SE,1619732417
560,Kidal,18.4411,1.4078,93.22,7,1,11.86,ML,1619732433
561,Aksarka,66.5606,67.7975,23.59,95,100,7.74,RU,1619732433
562,Lorengau,-2.0226,147.2712,82.62,75,44,3.96,PG,1619732434
563,Mehnagar,25.8833,83.1167,85.17,21,0,6.55,IN,1619732434
564,São Gabriel da Cachoeira,-0.1303,-67.0892,72.5,98,100,1.3,BR,1619732435
565,Perth,-31.9333,115.8333,61.0,93,20,5.75,AU,1619732148
566,Vilhena,-12.7406,-60.1458,75.2,78,20,10.36,BR,1619732435
